ISSN,Year,Title,H5-Index,M5-Index,URL
0303-7657,2015,Revista Brasileira de Saúde Ocupacional,14,15,http://scholar.google.com/citations?view_op=list_hcore&venue=PL9yA3Rz35IJ.2015&hl=pt-BR
1414-3283,2015,Interface - Comunicação, Saúde, Educação,17,24,http://scholar.google.com/citations?view_op=list_hcore&venue=eo2d3uWhBZgJ.2015&hl=pt-BR
0100-6762,2015,Revista Árvore,12,14,http://scholar.google.com/citations?view_op=list_hcore&venue=1_ie5OapdXkJ.2015&hl=pt-BR
0102-3306,2015,Acta Botanica Brasilica,16,17,http://scholar.google.com/citations?view_op=list_hcore&venue=5U6g3Eyy10gJ.2015&hl=pt-BR
0066-782x,2015,Arquivos Brasileiros de Cardiologia,26,32,http://scholar.google.com/citations?view_op=list_hcore&venue=QSaoYfYer0QJ.2015&hl=pt-BR
0004-2730,2015,Arquivos Brasileiros de Endocrinologia & Metabologia,24,27,http://scholar.google.com/citations?view_op=list_hcore&venue=Yklr6JobIWoJ.2015&hl=pt-BR
0004-2749,2015,Arquivos Brasileiros de Oftalmologia,14,20,http://scholar.google.com/citations?view_op=list_hcore&venue=RbJaQ-3UqUwJ.2015&hl=pt-BR
0102-8650,2015,Acta Cirurgica Brasileira,17,20,http://scholar.google.com/citations?view_op=list_hcore&venue=1mOnjKBaM7kJ.2015&hl=pt-BR
1516-1498,2015,Ágora: Estudos em Teoria Psicanalítica,4,5,http://scholar.google.com/citations?view_op=list_hcore&venue=NjG4GXKidVQJ.2015&hl=pt-BR
NO_ISSN,2015,Brazilian Journal of Rural Economy and Sociology (RESR),8,10,http://scholar.google.com/citations?view_op=list_hcore&venue=RxfUNxCtYk0J.2015&hl=pt-BR
0004-282x,1678-4227,2015,Arquivos de Neuro-Psiquiatria,22,27,http://scholar.google.com/citations?view_op=list_hcore&venue=eWydlrm6X40J.2015&hl=pt-BR
0103-2100,2015,Acta Paulista de Enfermagem,20,29,http://scholar.google.com/citations?view_op=list_hcore&venue=WHDXiUrfw2oJ.2015&hl=pt-BR
1414-753x,1809-4422,2015,Ambiente & Sociedade,9,12,http://scholar.google.com/citations?view_op=list_hcore&venue=6hK8KYw9jgcJ.2015&hl=pt-BR
1807-7692,2015,BAR-Brazilian Administration Review,12,14,http://scholar.google.com/citations?view_op=list_hcore&venue=HHP1ZwbNXaIJ.2015&hl=pt-BR
1982-2170,2015,Bol. Ciênc. Geod., sec. Artigos,6,8,http://scholar.google.com/citations?view_op=list_hcore&venue=zVJ_X51HDOcJ.2015&hl=pt-BR
1808-8694,2015,Brazilian Journal of Otorhinolaryngology,20,25,http://scholar.google.com/citations?view_op=list_hcore&venue=neVSTnFxo_gJ.2015&hl=pt-BR
0006-8705,2015,Bragantia,12,17,http://scholar.google.com/citations?view_op=list_hcore&venue=PpTnSR_xdswJ.2015&hl=pt-BR
1807-0302,2015,Computational & Applied Mathematics,12,16,http://scholar.google.com/citations?view_op=list_hcore&venue=nTXRqYmvgNoJ.2015&hl=pt-BR
0101-3262,2015,Cadernos CEDES,8,14,http://scholar.google.com/citations?view_op=list_hcore&venue=2mwT-EeBIpYJ.2015&hl=pt-BR
0366-6913,2015,Cerâmica,8,9,http://scholar.google.com/citations?view_op=list_hcore&venue=_3UkHlJIEawJ.2015&hl=pt-BR
1516-7313,2015,Ciência & Educação (Bauru),13,15,http://scholar.google.com/citations?view_op=list_hcore&venue=wBM-mEaJmlQJ.2015&hl=pt-BR
0103-8478,2015,Ciência Rural,17,21,http://scholar.google.com/citations?view_op=list_hcore&venue=9v6w5W3QvFgJ.2015&hl=pt-BR
0102-311x,1678-4464,2015,Cadernos de Saúde Pública,34,46,http://scholar.google.com/citations?view_op=list_hcore&venue=Pw58PX2x_FMJ.2015&hl=pt-BR
0101-2061,2015,Ciência e Tecnologia de Alimentos,16,19,http://scholar.google.com/citations?view_op=list_hcore&venue=_hUF4JJT7qEJ.2015&hl=pt-BR
0103-4014,2015,Estudos Avançados,18,33,http://scholar.google.com/citations?view_op=list_hcore&venue=xjswQ-5EqKYJ.2015&hl=pt-BR
1517-9702,2015,Educação e Pesquisa,15,19,http://scholar.google.com/citations?view_op=list_hcore&venue=QT0gspdNThgJ.2015&hl=pt-BR
0101-7330,2015,Educação & Sociedade,20,31,http://scholar.google.com/citations?view_op=list_hcore&venue=TN0gV9W0-QcJ.2015&hl=pt-BR
1413-4152,2015,Engenharia Sanitaria e Ambiental,9,16,http://scholar.google.com/citations?view_op=list_hcore&venue=QSUWiZLd6gwJ.2015&hl=pt-BR
2179-8087,2015,Floresta e Ambiente,4,5,http://scholar.google.com/citations?view_op=list_hcore&venue=qbWaRz7NEHIJ.2015&hl=pt-BR
NO_ISSN,2015,Horticultura Brasileira,13,16,http://scholar.google.com/citations?view_op=list_hcore&venue=5FtdIVyeTTwJ.2015&hl=pt-BR
1677-5538,2015,International Brazilian Journal of Urology,37,61,http://scholar.google.com/citations?view_op=list_hcore&venue=s6Ecj0HYIA0J.2015&hl=pt-BR
0103-5053,2015,Journal of the Brazilian Chemical Society,24,31,http://scholar.google.com/citations?view_op=list_hcore&venue=XKOAm7YgCiwJ.2015&hl=pt-BR
1676-2444,2015,Jornal Brasileiro de Patologia e Medicina Laboratorial,9,12,http://scholar.google.com/citations?view_op=list_hcore&venue=INegakz6R1UJ.2015&hl=pt-BR
1806-3713,2015,Jornal Brasileiro de Pneumologia,23,32,http://scholar.google.com/citations?view_op=list_hcore&venue=EeFx1gCs9dwJ.2015&hl=pt-BR
2237-9363,2015,Journal of Coloproctology (Rio de Janeiro),4,5,http://scholar.google.com/citations?view_op=list_hcore&venue=9MknPor7BSAJ.2015&hl=pt-BR
1676-2649,2015,Journal of Epilepsy and Clinical Neurophysiology,3,5,http://scholar.google.com/citations?view_op=list_hcore&venue=LKFZ_PD1QC0J.2015&hl=pt-BR
2179-6491,2015,Jornal da Sociedade Brasileira de Fonoaudiologia,10,12,http://scholar.google.com/citations?view_op=list_hcore&venue=6tlwWdUR9EEJ.2015&hl=pt-BR
1519-566x,1678-8052,2015,Neotropical Entomology,15,20,http://scholar.google.com/citations?view_op=list_hcore&venue=aQW2UtKd0SsJ.2015&hl=pt-BR
0103-863x,1982-4327,2015,Paidéia (Ribeirão Preto),13,19,http://scholar.google.com/citations?view_op=list_hcore&venue=Y8OzPxw6EQoJ.2015&hl=pt-BR
1413-9936,2015,Perspectivas em Ciência da Informação,9,14,http://scholar.google.com/citations?view_op=list_hcore&venue=L4VN7Y-UY2cJ.2015&hl=pt-BR
0104-5687,2015,Pró-Fono Revista de Atualização Científica,12,20,http://scholar.google.com/citations?view_op=list_hcore&venue=unZbYrzBS3gJ.2015&hl=pt-BR
0104-1428,2015,Polímeros,15,18,http://scholar.google.com/citations?view_op=list_hcore&venue=YiTzgTVtA-4J.2015&hl=pt-BR
0102-7182,2015,Psicologia & Sociedade,14,17,http://scholar.google.com/citations?view_op=list_hcore&venue=Yjn0ELY5t7AJ.2015&hl=pt-BR
0102-3772,2015,Psicologia: Teoria e Pesquisa,18,29,http://scholar.google.com/citations?view_op=list_hcore&venue=OSLh4wMEFLcJ.2015&hl=pt-BR
0100-736x,2015,Pesquisa Veterinária Brasileira,17,20,http://scholar.google.com/citations?view_op=list_hcore&venue=l9tpV4aofyEJ.2015&hl=pt-BR
0104-4230,2015,Revista da Associação Médica Brasileira,24,29,http://scholar.google.com/citations?view_op=list_hcore&venue=prL-u9krMIsJ.2015&hl=pt-BR
0034-7612,2015,Revista de Administração Pública (RAP),15,18,http://scholar.google.com/citations?view_op=list_hcore&venue=KOhc3m67gNAJ.2015&hl=pt-BR
0034-7094,2015,Revista Brasileira de Anestesiologia,15,21,http://scholar.google.com/citations?view_op=list_hcore&venue=LmnaJ_B3sRYJ.2015&hl=pt-BR
0100-8404,2015,Revista Brasileira de Botânica,11,14,http://scholar.google.com/citations?view_op=list_hcore&venue=zZ_QJl8rcUgJ.2015&hl=pt-BR
0102-7638,2015,Revista Brasileira de Cirurgia Cardiovascular,16,19,http://scholar.google.com/citations?view_op=list_hcore&venue=DXfvty8GLwEJ.2015&hl=pt-BR
1415-4366,2015,Revista Brasileira de Engenharia Agrícola e Ambiental,21,25,http://scholar.google.com/citations?view_op=list_hcore&venue=9qxZokX_dy0J.2015&hl=pt-BR
1413-2478,2015,Revista Brasileira de Educação,17,25,http://scholar.google.com/citations?view_op=list_hcore&venue=dqOzUCUM2tAJ.2015&hl=pt-BR
NO_ISSN,2015,Revista Brasileira de Ensino de Fısica,7,11,http://scholar.google.com/citations?view_op=list_hcore&venue=czMbT-acJxEJ.2015&hl=pt-BR
0100-5502,2015,Revista Brasileira de Educação Médica,16,20,http://scholar.google.com/citations?view_op=list_hcore&venue=bt4SXVtdOZwJ.2015&hl=pt-BR
1415-790x,1980-5497,2015,Revista Brasileira de Epidemiologia,22,29,http://scholar.google.com/citations?view_op=list_hcore&venue=pf49CgXDcbkJ.2015&hl=pt-BR
0102-695x,2015,Revista Brasileira de Farmacognosia,19,22,http://scholar.google.com/citations?view_op=list_hcore&venue=k4gpbeU5_rwJ.2015&hl=pt-BR
1413-3555,2015,Revista Brasileira de Fisioterapia,21,28,http://scholar.google.com/citations?view_op=list_hcore&venue=5ZuAghxx9dEJ.2015&hl=pt-BR
0100-7203,2015,Revista Brasileira de Ginecologia e Obstetrícia,16,18,http://scholar.google.com/citations?view_op=list_hcore&venue=3POhagzM0ZwJ.2015&hl=pt-BR
0102-0188,2015,Revista Brasileira de História,6,7,http://scholar.google.com/citations?view_op=list_hcore&venue=LKuRxxc1Ha8J.2015&hl=pt-BR
0102-7786,2015,Revista Brasileira de Meteorologia,9,11,http://scholar.google.com/citations?view_op=list_hcore&venue=uoLxZAOZhMIJ.2015&hl=pt-BR
0034-7280,2015,Revista Brasileira de Oftalmologia,7,9,http://scholar.google.com/citations?view_op=list_hcore&venue=PAbuBCRAWEoJ.2015&hl=pt-BR
1516-4446,2015,Revista Brasileira de Psiquiatria,25,31,http://scholar.google.com/citations?view_op=list_hcore&venue=zq6_5Ki2DNsJ.2015&hl=pt-BR
0482-5004,2015,Revista Brasileira de Reumatologia,17,27,http://scholar.google.com/citations?view_op=list_hcore&venue=j4SgsoUOg9wJ.2015&hl=pt-BR
0101-3122,2015,Revista Brasileira de Sementes,13,15,http://scholar.google.com/citations?view_op=list_hcore&venue=JWc4ZuqQ0r8J.2015&hl=pt-BR
0103-507x,1982-4335,2015,Revista Brasileira de Terapia Intensiva,13,17,http://scholar.google.com/citations?view_op=list_hcore&venue=qG_rdfkxMYkJ.2015&hl=pt-BR
1516-3598,2015,Revista Brasileira de Zootecnia,20,24,http://scholar.google.com/citations?view_op=list_hcore&venue=7cO_WjiFFCkJ.2015&hl=pt-BR
0100-6991,2015,Revista do Colégio Brasileiro de Cirurgiões,12,16,http://scholar.google.com/citations?view_op=list_hcore&venue=bIH8r0NwJAIJ.2015&hl=pt-BR
0080-6234,2015,Revista da Escola de Enfermagem da USP,28,35,http://scholar.google.com/citations?view_op=list_hcore&venue=TPepcHlgg3cJ.2015&hl=pt-BR
0104-026x,1806-9584,2015,Revista Estudos Feministas,13,16,http://scholar.google.com/citations?view_op=list_hcore&venue=2725jPh9AnsJ.2015&hl=pt-BR
0101-3157,2015,Revista de Economia Política,16,26,http://scholar.google.com/citations?view_op=list_hcore&venue=oykVT9YOhasJ.2015&hl=pt-BR
0103-0582,2015,Revista Paulista de Pediatria,14,15,http://scholar.google.com/citations?view_op=list_hcore&venue=Iw9Grh-m-ucJ.2015&hl=pt-BR
1516-8034,2015,Revista da Sociedade Brasileira de Fonoaudiologia,17,25,http://scholar.google.com/citations?view_op=list_hcore&venue=I0etnFiHgeIJ.2015&hl=pt-BR
0037-8682,2015,Revista da Sociedade Brasileira de Medicina Tropical,22,28,http://scholar.google.com/citations?view_op=list_hcore&venue=CvLJK0n5vE4J.2015&hl=pt-BR
0104-4478,2015,Revista de Sociologia e Política,13,16,http://scholar.google.com/citations?view_op=list_hcore&venue=-OWpVon0uxwJ.2015&hl=pt-BR
0034-8910,2015,Revista de Saúde Pública,33,46,http://scholar.google.com/citations?view_op=list_hcore&venue=ufx6JcDSjHYJ.2015&hl=pt-BR
0103-9016,2015,Scientia Agricola (Piracicaba, Brazil),17,23,http://scholar.google.com/citations?view_op=list_hcore&venue=ympKabGtqhgJ.2015&hl=pt-BR
0102-6992,2015,Sociedade e Estado,9,14,http://scholar.google.com/citations?view_op=list_hcore&venue=r2_8mwt00HwJ.2015&hl=pt-BR
1516-3180,2015,Sao Paulo Medical Journal,25,58,http://scholar.google.com/citations?view_op=list_hcore&venue=FiX1Uht59jIJ.2015&hl=pt-BR
1984-4670,2015,Zoologia (Curitiba),15,18,http://scholar.google.com/citations?view_op=list_hcore&venue=Xb1OlQQbjKYJ.2015&hl=pt-BR
0001-3765,2015,Anais da Academia Brasileira de Ciências,19,24,http://scholar.google.com/citations?view_op=list_hcore&venue=bX4P_wJmg48J.2015&hl=pt-BR
0002-0591,2015,Afro-Ásia,4,4,http://scholar.google.com/citations?view_op=list_hcore&venue=suH_oN3ArV4J.2015&hl=pt-BR
0004-2803,2015,Arquivos de Gastroenterologia,18,23,http://scholar.google.com/citations?view_op=list_hcore&venue=ogeWhmrBETcJ.2015&hl=pt-BR
0011-5258,2015,Dados: revista de ciências sociais,13,18,http://scholar.google.com/citations?view_op=list_hcore&venue=GJLD0gbym6AJ.2015&hl=pt-BR
0021-7557,2015,Jornal de Pediatria (Rio J.),24,31,http://scholar.google.com/citations?view_op=list_hcore&venue=sDtzz1KgWEsJ.2015&hl=pt-BR
0034-7140,2015,Revista Brasileira de Economia,10,15,http://scholar.google.com/citations?view_op=list_hcore&venue=vapSJJhv_20J.2015&hl=pt-BR
0034-7167,2015,Revista Brasileira de Enfermagem,28,33,http://scholar.google.com/citations?view_op=list_hcore&venue=dEBl8VQxnE8J.2015&hl=pt-BR
0034-7329,2015,Revista Brasileira de Política Internacional,17,26,http://scholar.google.com/citations?view_op=list_hcore&venue=ja3eOxjQ8kQJ.2015&hl=pt-BR
0034-737x,2177-3491,2015,Revista Ceres,12,13,http://scholar.google.com/citations?view_op=list_hcore&venue=QYhY73Z0z5EJ.2015&hl=pt-BR
0034-7590,2015,Revista de Administração de Empresas,20,26,http://scholar.google.com/citations?view_op=list_hcore&venue=HKr8r12kC4QJ.2015&hl=pt-BR
0036-4665,2015,Revista do Instituto de Medicina Tropical de São Paulo,17,20,http://scholar.google.com/citations?view_op=list_hcore&venue=4q1cTleD-CsJ.2015&hl=pt-BR
0044-5967,2015,Acta Amazonica,11,15,http://scholar.google.com/citations?view_op=list_hcore&venue=AJkHYByiYkgJ.2015&hl=pt-BR
0047-2085,2015,Jornal Brasileiro de Psiquiatria,17,22,http://scholar.google.com/citations?view_op=list_hcore&venue=lKZ5PaUhU6QJ.2015&hl=pt-BR
0073-4721,2015,Iheringia. Série Zoologia,10,16,http://scholar.google.com/citations?view_op=list_hcore&venue=71xC5Ht999MJ.2015&hl=pt-BR
0074-0276,2015,Memórias do Instituto Oswaldo Cruz,25,32,http://scholar.google.com/citations?view_op=list_hcore&venue=3M1TLh9YYg8J.2015&hl=pt-BR
0080-2107,2015,Revista de Administração (São Paulo),10,17,http://scholar.google.com/citations?view_op=list_hcore&venue=h-BCLHpV3H8J.2015&hl=pt-BR
0085-5626,2015,Revista Brasileira de Entomologia,13,19,http://scholar.google.com/citations?view_op=list_hcore&venue=oyOSfEglisQJ.2015&hl=pt-BR
0100-0683,2015,Revista Brasileira de Ciência do Solo,21,28,http://scholar.google.com/citations?view_op=list_hcore&venue=ZkvYpAzK9LYJ.2015&hl=pt-BR
0100-2945,2015,Revista Brasileira de Fruticultura,14,19,http://scholar.google.com/citations?view_op=list_hcore&venue=OSILn3uzY5gJ.2015&hl=pt-BR
2175-6236,2015,Educação & Realidade,11,15,http://scholar.google.com/citations?view_op=list_hcore&venue=TEhrQS-zClMJ.2015&hl=pt-BR
0100-3984,2015,Radiologia Brasileira,12,17,http://scholar.google.com/citations?view_op=list_hcore&venue=5Z8b3d1qUXEJ.2015&hl=pt-BR
0100-4042,2015,Química Nova,23,31,http://scholar.google.com/citations?view_op=list_hcore&venue=efhjgv09d1wJ.2015&hl=pt-BR
0100-4670,2015,Eclética Química,7,10,http://scholar.google.com/citations?view_op=list_hcore&venue=Ye4-6ulvHNwJ.2015&hl=pt-BR
0100-512x,2015,Kriterion: Revista de Filosofia,4,5,http://scholar.google.com/citations?view_op=list_hcore&venue=u8Hl1VszpUgJ.2015&hl=pt-BR
0100-5405,2015,Summa Phytopathologica,6,8,http://scholar.google.com/citations?view_op=list_hcore&venue=LQL8oizVySMJ.2015&hl=pt-BR
0100-6916,2015,Engenharia Agrícola (English),13,16,http://scholar.google.com/citations?view_op=list_hcore&venue=BIL0dAhYLoUJ.2015&hl=pt-BR
0100-8358,2015,Planta Daninha,11,14,http://scholar.google.com/citations?view_op=list_hcore&venue=NrRlaxPcZfYJ.2015&hl=pt-BR
0100-8587,2015,Religião & Sociedade,7,9,http://scholar.google.com/citations?view_op=list_hcore&venue=--_B9xK0iDgJ.2015&hl=pt-BR
0100-879x,1414-431x,2015,Brazilian Journal of Medical and Biological Research,24,34,http://scholar.google.com/citations?view_op=list_hcore&venue=MVNzB6DGOdkJ.2015&hl=pt-BR
0101-2800,2015,Jornal Brasileiro de Nefrologia,18,27,http://scholar.google.com/citations?view_op=list_hcore&venue=Ogi_hapaMSgJ.2015&hl=pt-BR
0101-3173,2015,Trans/Form/Ação,4,6,http://scholar.google.com/citations?view_op=list_hcore&venue=zUqziDyiVVAJ.2015&hl=pt-BR
0101-3289,2015,Revista Brasileira de Ciências do Esporte,10,14,http://scholar.google.com/citations?view_op=list_hcore&venue=4cXudnkyD3UJ.2015&hl=pt-BR
0101-3300,2015,Novos Estudos-CEBRAP,15,35,http://scholar.google.com/citations?view_op=list_hcore&venue=3YQEdp0IK-4J.2015&hl=pt-BR
0101-4161,2015,Estudos Econômicos (São Paulo),10,18,http://scholar.google.com/citations?view_op=list_hcore&venue=841XhkKdNaoJ.2015&hl=pt-BR
2175-8026,2015,Ilha do Desterro A Journal of English Language, Literatures in English and Cultural Studies,4,6,http://scholar.google.com/citations?view_op=list_hcore&venue=WPPYqvReVzUJ.2015&hl=pt-BR
0101-6083,2015,Revista de psiquiatria clínica (São Paulo),17,22,http://scholar.google.com/citations?view_op=list_hcore&venue=W2fmOP_CMjgJ.2015&hl=pt-BR
0101-7438,2015,Pesquisa Operacional,10,16,http://scholar.google.com/citations?view_op=list_hcore&venue=msKqD2SwkIgJ.2015&hl=pt-BR
0101-9074,2015,História (São Paulo),5,7,http://scholar.google.com/citations?view_op=list_hcore&venue=OVXkcLXZGlwJ.2015&hl=pt-BR
2177-7055,2015,Seqüência: Estudos Jurídicos e Políticos,4,7,http://scholar.google.com/citations?view_op=list_hcore&venue=5rcPSeQEoQUJ.2015&hl=pt-BR
0101-9880,2015,Revista Brasileira de Coloproctologia,6,8,http://scholar.google.com/citations?view_op=list_hcore&venue=PXDCiq1rzpgJ.2015&hl=pt-BR
0102-0935,2015,Arquivo Brasileiro de Medicina Veterinária e Zootecnia,12,15,http://scholar.google.com/citations?view_op=list_hcore&venue=Oa4TRMlR3dIJ.2015&hl=pt-BR
0102-261x,2015,Revista Brasileira de Geofísica,5,7,http://scholar.google.com/citations?view_op=list_hcore&venue=3aMBtPXewNEJ.2015&hl=pt-BR
0102-3098,2015,Revista Brasileira de Estudos de População,10,15,http://scholar.google.com/citations?view_op=list_hcore&venue=7IND8N7qB5IJ.2015&hl=pt-BR
0102-3616,2015,Revista Brasileira de Ortopedia,8,11,http://scholar.google.com/citations?view_op=list_hcore&venue=mlmp8-vYh_EJ.2015&hl=pt-BR
0102-4450,2015,DELTA: Documentação de Estudos em Lingüística Teórica e Aplicada,5,5,http://scholar.google.com/citations?view_op=list_hcore&venue=lbKbBn18T5AJ.2015&hl=pt-BR
0102-4698,2015,Educação em Revista,12,21,http://scholar.google.com/citations?view_op=list_hcore&venue=-H1cZ6ELc5EJ.2015&hl=pt-BR
0102-6445,2015,Lua Nova: Revista de Cultura e Política,12,21,http://scholar.google.com/citations?view_op=list_hcore&venue=bs_1ENgjMwMJ.2015&hl=pt-BR
0102-6720,2015,ABCD. Arquivos Brasileiros de Cirurgia Digestiva,10,15,http://scholar.google.com/citations?view_op=list_hcore&venue=jjpMeYv9MX0J.2015&hl=pt-BR
0102-6909,2015,Revista Brasileira de Ciências Sociais,11,16,http://scholar.google.com/citations?view_op=list_hcore&venue=wpY0aU8v4DcJ.2015&hl=pt-BR
1983-1447,2015,Revista Gaúcha de Enfermagem,22,28,http://scholar.google.com/citations?view_op=list_hcore&venue=bs3gE0jgSYoJ.2015&hl=pt-BR
0102-7972,2015,Psicologia: Reflexão e Crítica,16,19,http://scholar.google.com/citations?view_op=list_hcore&venue=fBNy2oGhdQgJ.2015&hl=pt-BR
0102-8529,2015,Contexto Internacional,7,11,http://scholar.google.com/citations?view_op=list_hcore&venue=BQ14I7G3D64J.2015&hl=pt-BR
1980-6523,2015,Revista Odonto Ciência,7,8,http://scholar.google.com/citations?view_op=list_hcore&venue=9tSS2vmAsUEJ.2015&hl=pt-BR
0103-1104,2015,Saúde em Debate,5,7,http://scholar.google.com/citations?view_op=list_hcore&venue=8kvdUZGDkEoJ.2015&hl=pt-BR
0103-166x,2015,Estudos de Psicologia,13,18,http://scholar.google.com/citations?view_op=list_hcore&venue=wDa9vIxZE7UJ.2015&hl=pt-BR
0103-1759,2015,Sba: Controle & Automação Sociedade Brasileira de Automatica,7,9,http://scholar.google.com/citations?view_op=list_hcore&venue=Y6t7Jora190J.2015&hl=pt-BR
0103-2003,2015,Revista de Economia e Sociologia Rural,9,12,http://scholar.google.com/citations?view_op=list_hcore&venue=D6fqbf2s-O4J.2015&hl=pt-BR
0103-2070,2015,Tempo Social,9,14,http://scholar.google.com/citations?view_op=list_hcore&venue=dauDSR4lx6MJ.2015&hl=pt-BR
0103-2186,2015,Estudos Históricos (Rio de Janeiro),4,5,http://scholar.google.com/citations?view_op=list_hcore&venue=turoYrTtjmQJ.2015&hl=pt-BR
0103-3786,2015,Transinformação,6,7,http://scholar.google.com/citations?view_op=list_hcore&venue=PXb5U1Flc94J.2015&hl=pt-BR
0103-4979,2015,Caderno CRH,12,20,http://scholar.google.com/citations?view_op=list_hcore&venue=NhTxeIFUv2YJ.2015&hl=pt-BR
0103-5150,2015,Revista Fisioterapia em Movimento,13,17,http://scholar.google.com/citations?view_op=list_hcore&venue=3Z3lZnBpVBsJ.2015&hl=pt-BR
0103-5665,2015,Psicologia Clínica,7,9,http://scholar.google.com/citations?view_op=list_hcore&venue=oBcmY_QstYEJ.2015&hl=pt-BR
0103-6351,2015,Nova Economia,7,9,http://scholar.google.com/citations?view_op=list_hcore&venue=EsNjTR-BXE8J.2015&hl=pt-BR
0103-6440,2015,Brazilian Dental Journal,24,32,http://scholar.google.com/citations?view_op=list_hcore&venue=GEuXAWWxFJAJ.2015&hl=pt-BR
0103-6513,2015,Production,12,14,http://scholar.google.com/citations?view_op=list_hcore&venue=7ujSnxiRXmQJ.2015&hl=pt-BR
0103-6564,2015,Psicologia USP,7,10,http://scholar.google.com/citations?view_op=list_hcore&venue=zIBeDtrp6OAJ.2015&hl=pt-BR
0103-7307,2015,Pro-Posições,6,9,http://scholar.google.com/citations?view_op=list_hcore&venue=oi0rfFkcrhIJ.2015&hl=pt-BR
0103-7331,2015,Physis (Rio de Janeiro),18,24,http://scholar.google.com/citations?view_op=list_hcore&venue=yQSPu3RXGIsJ.2015&hl=pt-BR
0103-9733,2015,Brazilian Journal of Physics,13,16,http://scholar.google.com/citations?view_op=list_hcore&venue=Yvun5WUKnnQJ.2015&hl=pt-BR
0104-0014,2015,Brazilian Journal of Anesthesiology (English Edition),6,9,http://scholar.google.com/citations?view_op=list_hcore&venue=hvoz6_8cju4J.2015&hl=pt-BR
0104-0618,2015,Economia e Sociedade,8,14,http://scholar.google.com/citations?view_op=list_hcore&venue=4zjQWPV6-3UJ.2015&hl=pt-BR
0104-0707,2015,Texto & Contexto-Enfermagem,25,31,http://scholar.google.com/citations?view_op=list_hcore&venue=t9lGAvgbBQYJ.2015&hl=pt-BR
0104-1169,2015,Revista Latino-Americana de Enfermagem,26,31,http://scholar.google.com/citations?view_op=list_hcore&venue=63Ozf19oT00J.2015&hl=pt-BR
0104-1290,2015,Saúde e Sociedade,22,26,http://scholar.google.com/citations?view_op=list_hcore&venue=y2x1QZhQ0JwJ.2015&hl=pt-BR
2179-8397,2015,Revista Brasileira de Cardiologia Invasiva,9,12,http://scholar.google.com/citations?view_op=list_hcore&venue=iKSOFC2W5XEJ.2015&hl=pt-BR
0104-4036,2015,Ensaio: Avaliação e Políticas Públicas em Educação,9,12,http://scholar.google.com/citations?view_op=list_hcore&venue=jl5G6AMIzwcJ.2015&hl=pt-BR
0104-4060,2015,Educar em Revista,14,18,http://scholar.google.com/citations?view_op=list_hcore&venue=sjFzBTuJFK4J.2015&hl=pt-BR
0104-530x,1806-9649,2015,Gestão & Produção,12,23,http://scholar.google.com/citations?view_op=list_hcore&venue=1rEj4nAQAccJ.2015&hl=pt-BR
0104-5970,2015,História, Ciências, Saúde-Manguinhos,8,12,http://scholar.google.com/citations?view_op=list_hcore&venue=mNfgbldzrIsJ.2015&hl=pt-BR
0104-6276,2015,Opinião Pública,12,17,http://scholar.google.com/citations?view_op=list_hcore&venue=VeRtz3bYBcoJ.2015&hl=pt-BR
0104-6632,2015,Brazilian Journal of Chemical Engineering,17,24,http://scholar.google.com/citations?view_op=list_hcore&venue=_ht5aWNnqjsJ.2015&hl=pt-BR
0104-7183,2015,Horizontes Antropológicos,11,13,http://scholar.google.com/citations?view_op=list_hcore&venue=-dr5FzNATvwJ.2015&hl=pt-BR
0104-7760,2015,Cerne,9,11,http://scholar.google.com/citations?view_op=list_hcore&venue=dGKE8lCehvcJ.2015&hl=pt-BR
0104-8333,2015,Cadernos Pagu,9,13,http://scholar.google.com/citations?view_op=list_hcore&venue=HWV-T4EoJ3UJ.2015&hl=pt-BR
0104-8775,2015,Varia Historia,5,6,http://scholar.google.com/citations?view_op=list_hcore&venue=aVBuWQlzgJ8J.2015&hl=pt-BR
0104-9224,2015,Soldagem & Inspeção,6,7,http://scholar.google.com/citations?view_op=list_hcore&venue=C9UZ9hpvt3YJ.2015&hl=pt-BR
0104-9313,2015,Mana,8,10,http://scholar.google.com/citations?view_op=list_hcore&venue=Fc8Nh9bn0eMJ.2015&hl=pt-BR
0340-9341,2015,Deutsche Sprache,2,9,http://scholar.google.com/citations?view_op=list_hcore&venue=hjKKmt9zJdEJ.2015&hl=pt-BR
0365-0596,2015,Anais Brasileiros de Dermatologia,25,29,http://scholar.google.com/citations?view_op=list_hcore&venue=EXCIFC0lbDgJ.2015&hl=pt-BR
1413-2311,2015,REAd. Revista Eletrônica de Administração (Porto Alegre),6,9,http://scholar.google.com/citations?view_op=list_hcore&venue=tISS5soBmxYJ.2015&hl=pt-BR
1413-294x,1678-4669,2015,Estudos de Psicologia (Natal),10,14,http://scholar.google.com/citations?view_op=list_hcore&venue=4aKhi7PWtigJ.2015&hl=pt-BR
1413-3555,2015,Revista Brasileira de Fisioterapia/Brazilian Journal of Physical Therapy,2,8,http://scholar.google.com/citations?view_op=list_hcore&venue=IG6JkK0NVWwJ.2015&hl=pt-BR
1413-7054,2015,Ciência e Agrotecnologia,13,16,http://scholar.google.com/citations?view_op=list_hcore&venue=sA82HGT-v1AJ.2015&hl=pt-BR
1413-7372,2015,Psicologia em Estudo,14,18,http://scholar.google.com/citations?view_op=list_hcore&venue=YH-5llS_kJAJ.2015&hl=pt-BR
1413-7704,2015,Tempo,5,9,http://scholar.google.com/citations?view_op=list_hcore&venue=poosunFT4psJ.2015&hl=pt-BR
1413-7852,2015,Acta Ortopédica Brasileira,8,12,http://scholar.google.com/citations?view_op=list_hcore&venue=DABtSva9cxIJ.2015&hl=pt-BR
1413-8050,2015,Economia Aplicada,8,10,http://scholar.google.com/citations?view_op=list_hcore&venue=MCHzk5aKX-wJ.2015&hl=pt-BR
1413-8123,2015,Ciência & Saúde Coletiva,45,57,http://scholar.google.com/citations?view_op=list_hcore&venue=poOaQKmhYbEJ.2015&hl=pt-BR
1413-8271,2015,Psico-USF,12,15,http://scholar.google.com/citations?view_op=list_hcore&venue=qfaIBPtnHn0J.2015&hl=pt-BR
1413-8557,2015,Psicologia Escolar e Educacional,12,13,http://scholar.google.com/citations?view_op=list_hcore&venue=xeFgcxs_e0MJ.2015&hl=pt-BR
1413-8670,2015,Brazilian Journal of Infectious Diseases,22,28,http://scholar.google.com/citations?view_op=list_hcore&venue=_qV8XOKvZ_gJ.2015&hl=pt-BR
2236-3459,2015,História da Educação,4,5,http://scholar.google.com/citations?view_op=list_hcore&venue=nfAcIX0wc2AJ.2015&hl=pt-BR
1414-4077,2015,Avaliação: Revista da Avaliação da Educação Superior (Campinas),12,18,http://scholar.google.com/citations?view_op=list_hcore&venue=Ml2lpqVq7uIJ.2015&hl=pt-BR
1414-462x,2015,Cadernos saúde coletiva (Rio de Janeiro),10,12,http://scholar.google.com/citations?view_op=list_hcore&venue=BWkB9nVTjXsJ.2015&hl=pt-BR
1414-4980,2015,Revista Katálysis,10,17,http://scholar.google.com/citations?view_op=list_hcore&venue=JIvEz_MSQNsJ.2015&hl=pt-BR
1414-8145,2015,Escola Anna Nery,24,28,http://scholar.google.com/citations?view_op=list_hcore&venue=bRc9i4cH-2wJ.2015&hl=pt-BR
1414-9893,2015,Psicologia: Ciência e Profissão,13,22,http://scholar.google.com/citations?view_op=list_hcore&venue=yOtA8jQLxx4J.2015&hl=pt-BR
1415-4714,2015,Revista Latinoamericana de Psicopatologia Fundamental,10,14,http://scholar.google.com/citations?view_op=list_hcore&venue=CBAPPKTgc68J.2015&hl=pt-BR
1415-4757,2015,Genetics and Molecular Biology,16,21,http://scholar.google.com/citations?view_op=list_hcore&venue=ZxNW5WEhtLIJ.2015&hl=pt-BR
1415-5273,2015,Revista de Nutrição,19,24,http://scholar.google.com/citations?view_op=list_hcore&venue=zyVDL2JWvO4J.2015&hl=pt-BR
1415-6555,2015,Revista de Administração Contemporânea,17,25,http://scholar.google.com/citations?view_op=list_hcore&venue=-vtrYDyr8HwJ.2015&hl=pt-BR
1415-7128,2015,Estilos da Clinica,5,5,http://scholar.google.com/citations?view_op=list_hcore&venue=L7AfXDyNOesJ.2015&hl=pt-BR
1980-0037,2015,Revista Brasileira de Cineantropometria & Desempenho Humano,17,22,http://scholar.google.com/citations?view_op=list_hcore&venue=4sT9tIx1qioJ.2015&hl=pt-BR
1980-6574,2015,Motriz : Revista de Educação Física,12,16,http://scholar.google.com/citations?view_op=list_hcore&venue=5PaZpOMWY98J.2015&hl=pt-BR
1415-9848,2015,Revista de Economia Contemporânea,6,13,http://scholar.google.com/citations?view_op=list_hcore&venue=6BB3V-SeO9oJ.2015&hl=pt-BR
1516-0572,2015,Revista Brasileira de Plantas Medicinais,13,15,http://scholar.google.com/citations?view_op=list_hcore&venue=kXo5LJsOW6gJ.2015&hl=pt-BR
1516-1439,2015,Materials Research,15,18,http://scholar.google.com/citations?view_op=list_hcore&venue=wOiNsf9GZZ8J.2015&hl=pt-BR
1516-1846,2015,Revista CEFAC,15,18,http://scholar.google.com/citations?view_op=list_hcore&venue=XMeJEFPZGkkJ.2015&hl=pt-BR
1516-635x,1806-9061,2015,Revista Brasileira de Ciência Avícola,11,15,http://scholar.google.com/citations?view_op=list_hcore&venue=Eecvn5ORKS0J.2015&hl=pt-BR
1516-8484,2015,Revista Brasileira de Hematologia e Hemoterapia,12,14,http://scholar.google.com/citations?view_op=list_hcore&venue=atlKPACzeBIJ.2015&hl=pt-BR
1516-8913,2015,Brazilian Archives of Biology and Technology,15,19,http://scholar.google.com/citations?view_op=list_hcore&venue=VhV8ZrZPJM0J.2015&hl=pt-BR
1517-106x,1807-0299,2015,Alea: Estudos Neolatinos,4,4,http://scholar.google.com/citations?view_op=list_hcore&venue=gERBuAnx9iUJ.2015&hl=pt-BR
1517-3151,2015,Revista Brasileira de Engenharia Biomédica,4,5,http://scholar.google.com/citations?view_op=list_hcore&venue=2alqFFUHJeQJ.2015&hl=pt-BR
1517-4522,2015,Sociologias (English),13,20,http://scholar.google.com/citations?view_op=list_hcore&venue=waSiMp5BBe8J.2015&hl=pt-BR
1517-7076,2015,Matéria (Rio de Janeiro),7,9,http://scholar.google.com/citations?view_op=list_hcore&venue=IxCvWQL5maMJ.2015&hl=pt-BR
1517-7599,2015,Per Musi,5,11,http://scholar.google.com/citations?view_op=list_hcore&venue=onWb8KQbHfEJ.2015&hl=pt-BR
1517-8382,2015,Brazilian Journal of Microbiology,22,27,http://scholar.google.com/citations?view_op=list_hcore&venue=jlj_5MkmcHcJ.2015&hl=pt-BR
1517-8692,2015,Revista brasileira de medicina do esporte,13,18,http://scholar.google.com/citations?view_op=list_hcore&venue=UroL5WALrS4J.2015&hl=pt-BR
1678-6971,2015,RAM. Revista de Administração Mackenzie,14,21,http://scholar.google.com/citations?view_op=list_hcore&venue=i8PhvRfv8bEJ.2015&hl=pt-BR
1518-7012,2015,Interações (Campo Grande),4,6,http://scholar.google.com/citations?view_op=list_hcore&venue=U3le3Wx4I6MJ.2015&hl=pt-BR
1984-7033,2015,Crop Breeding and Applied Biotechnology,12,13,http://scholar.google.com/citations?view_op=list_hcore&venue=vP3YoVLEONoJ.2015&hl=pt-BR
0100-1965,2015,Ciência da Informação,7,14,http://scholar.google.com/citations?view_op=list_hcore&venue=tSqjz4lAvyUJ.2015&hl=pt-BR
1519-3829,2015,Revista Brasileira de Saúde Materno Infantil,14,19,http://scholar.google.com/citations?view_op=list_hcore&venue=x8oRXv39Vr0J.2015&hl=pt-BR
1519-6984,2015,Brazilian Journal of Biology,17,20,http://scholar.google.com/citations?view_op=list_hcore&venue=sv0m1HQYfS8J.2015&hl=pt-BR
1519-7077,2015,Revista Contabilidade & Finanças,9,18,http://scholar.google.com/citations?view_op=list_hcore&venue=CHFHNR_voiEJ.2015&hl=pt-BR
1519-7654,2015,ComCiência,4,5,http://scholar.google.com/citations?view_op=list_hcore&venue=pc88Eakg5aQJ.2015&hl=pt-BR
1519-9940,2015,Revista Brasileira de Saúde e Produção Animal,10,13,http://scholar.google.com/citations?view_op=list_hcore&venue=XQAvPwvN1kIJ.2015&hl=pt-BR
1676-0603,2015,Biota Neotropica,19,23,http://scholar.google.com/citations?view_op=list_hcore&venue=o_qnsWrw9WwJ.2015&hl=pt-BR
1984-6398,2015,Revista Brasileira de Linguística Aplicada,11,18,http://scholar.google.com/citations?view_op=list_hcore&venue=LEeqAXydEZ0J.2015&hl=pt-BR
1677-0420,2015,Brazilian Journal of Plant Physiology,11,14,http://scholar.google.com/citations?view_op=list_hcore&venue=RU_kiWV5pxQJ.2015&hl=pt-BR
1677-3225,2015,Brazilian Journal of Oral Sciences,7,8,http://scholar.google.com/citations?view_op=list_hcore&venue=_FZqnNsveO8J.2015&hl=pt-BR
1677-5449,2015,Jornal Vascular Brasileiro,6,8,http://scholar.google.com/citations?view_op=list_hcore&venue=E2qBLzgzyg4J.2015&hl=pt-BR
1678-3166,2015,Scientiae Studia,8,10,http://scholar.google.com/citations?view_op=list_hcore&venue=tnznbKHU9E0J.2015&hl=pt-BR
0100-204x,1678-3921,2015,Pesquisa Agropecuária Brasileira,20,26,http://scholar.google.com/citations?view_op=list_hcore&venue=xNKszrPoJD0J.2015&hl=pt-BR
1678-5320,2015,ARS (São Paulo),4,6,http://scholar.google.com/citations?view_op=list_hcore&venue=LO5XjJM43XkJ.2015&hl=pt-BR
1678-5878,2015,Journal of the Brazilian Society of Mechanical Sciences and Engineering,10,13,http://scholar.google.com/citations?view_op=list_hcore&venue=qXyTNnrsc3cJ.2015&hl=pt-BR
1678-7757,2015,Journal of Applied Oral Science,25,30,http://scholar.google.com/citations?view_op=list_hcore&venue=wbKMKV6BNo8J.2015&hl=pt-BR
1678-8621,2015,Ambiente Construído,7,8,http://scholar.google.com/citations?view_op=list_hcore&venue=tFrZJkF-uacJ.2015&hl=pt-BR
1678-9199,2015,Journal of Venomous Animals and Toxins including Tropical Diseases,12,14,http://scholar.google.com/citations?view_op=list_hcore&venue=uqV4FN1Hyr4J.2015&hl=pt-BR
1679-3951,2015,Cadernos EBAPE.BR,12,16,http://scholar.google.com/citations?view_op=list_hcore&venue=iLSYvIQGfocJ.2015&hl=pt-BR
2237-9622,2015,Epidemiologia e Serviços de Saúde,15,28,http://scholar.google.com/citations?view_op=list_hcore&venue=71FLuEwTNF8J.2015&hl=pt-BR
1679-6225,2015,Neotropical Ichthyology,15,20,http://scholar.google.com/citations?view_op=list_hcore&venue=OPR89lc_gIIJ.2015&hl=pt-BR
1679-7825,2015,Latin American Journal of Solids and Structures,13,21,http://scholar.google.com/citations?view_op=list_hcore&venue=NZE0fCJqYpkJ.2015&hl=pt-BR
1679-8759,2015,Brazilian Journal of Oceanography,13,19,http://scholar.google.com/citations?view_op=list_hcore&venue=QWLe48stQJgJ.2015&hl=pt-BR
1806-0013,2015,Revista Dor,10,15,http://scholar.google.com/citations?view_op=list_hcore&venue=497JgG43XkoJ.2015&hl=pt-BR
1807-8672,2015,Acta Scientiarum. Animal Sciences,8,14,http://scholar.google.com/citations?view_op=list_hcore&venue=GlB3xRoX6h0J.2015&hl=pt-BR
1806-6690,2015,Revista Ciência Agronômica,17,20,http://scholar.google.com/citations?view_op=list_hcore&venue=tiVwYmLhyYQJ.2015&hl=pt-BR
1806-8324,2015,Brazilian Oral Research,21,29,http://scholar.google.com/citations?view_op=list_hcore&venue=EjGf9iUerc8J.2015&hl=pt-BR
0031-1049,2015,Papéis Avulsos de Zoologia (São Paulo),11,12,http://scholar.google.com/citations?view_op=list_hcore&venue=ruLIPUNCAb8J.2015&hl=pt-BR
1807-1775,2015,JISTEM-Journal of Information Systems and Technology Management,7,8,http://scholar.google.com/citations?view_op=list_hcore&venue=LctKmFcIREIJ.2015&hl=pt-BR
1807-5509,2015,Revista Brasileira de Educação Física e Esporte,12,15,http://scholar.google.com/citations?view_op=list_hcore&venue=AjdUFXsI4AoJ.2015&hl=pt-BR
1807-5932,2015,Clinics,32,41,http://scholar.google.com/citations?view_op=list_hcore&venue=JEkfYzH9HiwJ.2015&hl=pt-BR
1807-8621,2015,Acta Scientiarum. Agronomy,15,18,http://scholar.google.com/citations?view_op=list_hcore&venue=Ki85eM7ndEsJ.2015&hl=pt-BR
1808-1657,2015,Arquivos do Instituto Biológico,4,4,http://scholar.google.com/citations?view_op=list_hcore&venue=MiqGm09Q5aQJ.2015&hl=pt-BR
1808-1851,2015,Coluna/Columna,6,12,http://scholar.google.com/citations?view_op=list_hcore&venue=z4BlbpxOh5oJ.2015&hl=pt-BR
1808-2432,2015,Revista Direito GV,7,8,http://scholar.google.com/citations?view_op=list_hcore&venue=9-5lxizugSsJ.2015&hl=pt-BR
1809-2950,2015,Fisioterapia e Pesquisa,11,14,http://scholar.google.com/citations?view_op=list_hcore&venue=UfdumypDJMoJ.2015&hl=pt-BR
1809-4341,2015,Vibrant: Virtual Brazilian Anthropology,5,6,http://scholar.google.com/citations?view_op=list_hcore&venue=Nn2rHkFCY-wJ.2015&hl=pt-BR
1809-4872,2015,Arquivos internacionais de otorrinolaringologia,9,11,http://scholar.google.com/citations?view_op=list_hcore&venue=Fplk-tbLDXUJ.2015&hl=pt-BR
1809-4864,2015,International Archives of Otorhinolaryngology,3,4,http://scholar.google.com/citations?view_op=list_hcore&venue=iHDHBulNqCAJ.2015&hl=pt-BR
1809-9823,2015,Revista Brasileira de Geriatria e Gerontologia,14,18,http://scholar.google.com/citations?view_op=list_hcore&venue=UbzPfAL3kooJ.2015&hl=pt-BR
1809-5844,2015,Intercom-Revista Brasileira de Ciências da Comunicação,8,10,http://scholar.google.com/citations?view_op=list_hcore&venue=5jjEpgPVs6UJ.2015&hl=pt-BR
0103-636x,1980-4415,2015,Bolema: Boletim de Educação Matemática,10,15,http://scholar.google.com/citations?view_op=list_hcore&venue=y0lW1T9HldYJ.2015&hl=pt-BR
1980-5411,2015,Production Journal,12,15,http://scholar.google.com/citations?view_op=list_hcore&venue=zAcjoQgaevIJ.2015&hl=pt-BR
1980-993x,2015,Revista Ambiente & Água,8,11,http://scholar.google.com/citations?view_op=list_hcore&venue=JxjYvzKf_p8J.2015&hl=pt-BR
1981-3821,2015,Brazilian Political Science Review,5,5,http://scholar.google.com/citations?view_op=list_hcore&venue=0B_6J0kVCvgJ.2015&hl=pt-BR
1981-5794,2015,ALFA: Revista de Linguística,7,10,http://scholar.google.com/citations?view_op=list_hcore&venue=M9ZUIA9pd90J.2015&hl=pt-BR
1981-6723,2015,Brazilian Journal of Food Technology,6,8,http://scholar.google.com/citations?view_op=list_hcore&venue=2VBrQBgOO30J.2015&hl=pt-BR
1981-7746,2015,Trabalho, Educação e Saúde (English),12,15,http://scholar.google.com/citations?view_op=list_hcore&venue=ipp_HI8LsoEJ.2015&hl=pt-BR
1981-8122,2015,Boletim do Museu Paraense Emílio Goeldi. Ciências Humanas,8,9,http://scholar.google.com/citations?view_op=list_hcore&venue=eEthNwe3N-wJ.2015&hl=pt-BR
1982-2170,2015,Boletim de Ciências Geodésicas,6,7,http://scholar.google.com/citations?view_op=list_hcore&venue=h0LuG08CjbYJ.2015&hl=pt-BR
1518-7632,2015,Linguagem em (Dis) curso,9,16,http://scholar.google.com/citations?view_op=list_hcore&venue=gvMZ0LgbKwgJ.2015&hl=pt-BR
1982-4513,2015,Sociedade & Natureza,8,9,http://scholar.google.com/citations?view_op=list_hcore&venue=MMRA-pDOBhIJ.2015&hl=pt-BR
1982-5676,2015,Tropical Plant Pathology,12,13,http://scholar.google.com/citations?view_op=list_hcore&venue=aMgaUjdOrGYJ.2015&hl=pt-BR
1982-8837,2015,Pandaemonium Germanicum,3,3,http://scholar.google.com/citations?view_op=list_hcore&venue=TuR4glMZyykJ.2015&hl=pt-BR
1983-3083,2015,Revista da Educação Física/UEM,7,7,http://scholar.google.com/citations?view_op=list_hcore&venue=xSg1XmA5a20J.2015&hl=pt-BR
1983-4063,2015,Pesquisa Agropecuária Tropical,14,19,http://scholar.google.com/citations?view_op=list_hcore&venue=I_3rDlOwu_oJ.2015&hl=pt-BR
1983-4195,2015,Revista IBRACON de Estruturas e Materiais,6,8,http://scholar.google.com/citations?view_op=list_hcore&venue=p-3E3qKqLkgJ.2015&hl=pt-BR
1983-5175,2015,Revista Brasileira de Cirurgia Plástica,8,9,http://scholar.google.com/citations?view_op=list_hcore&venue=1kmmksvWjAgJ.2015&hl=pt-BR
1984-0292,2015,Fractal: Revista de Psicologia,9,13,http://scholar.google.com/citations?view_op=list_hcore&venue=i9LpaEQ8a0IJ.2015&hl=pt-BR
1984-2961,2015,Revista Brasileira de Parasitologia Veterinária,15,21,http://scholar.google.com/citations?view_op=list_hcore&venue=JwZrle-WuKoJ.2015&hl=pt-BR
1983-3288,2015,Psychology & Neuroscience,10,14,http://scholar.google.com/citations?view_op=list_hcore&venue=FPaRtQxwD5gJ.2015&hl=pt-BR
1984-6487,2015,Sexualidad, Salud y Sociedad (Rio de Janeiro),7,8,http://scholar.google.com/citations?view_op=list_hcore&venue=QFKIf0H-TFgJ.2015&hl=pt-BR
1984-9230,2015,Organizações & Sociedade,9,11,http://scholar.google.com/citations?view_op=list_hcore&venue=GOH74HnBTMkJ.2015&hl=pt-BR
2175-3369,2015,urbe. Revista Brasileira de Gestão Urbana,5,8,http://scholar.google.com/citations?view_op=list_hcore&venue=7BlP8pSuRrUJ.2015&hl=pt-BR
2175-7860,2015,Rodriguésia,14,16,http://scholar.google.com/citations?view_op=list_hcore&venue=ZIu3Xnoe0bEJ.2015&hl=pt-BR
1984-8250,2015,Brazilian Journal of Pharmaceutical Sciences,12,13,http://scholar.google.com/citations?view_op=list_hcore&venue=7vRCbQopai8J.2015&hl=pt-BR
2176-4573,2015,Bakhtiniana,5,6,http://scholar.google.com/citations?view_op=list_hcore&venue=qTWMHmSEUc8J.2015&hl=pt-BR
2176-6681,2015,Revista Brasileira de Estudos Pedagógicos,4,4,http://scholar.google.com/citations?view_op=list_hcore&venue=qyzKN7o2zVwJ.2015&hl=pt-BR
2176-9451,2015,Revista Dental Press de Ortodontia e Ortopedia Facial,12,14,http://scholar.google.com/citations?view_op=list_hcore&venue=PKLIU01reBIJ.2015&hl=pt-BR
0103-3352,2015,Revista Brasileira de Ciência Política,10,16,http://scholar.google.com/citations?view_op=list_hcore&venue=EqPlmpMQjygJ.2015&hl=pt-BR
2179-1074,2015,Journal of Microwaves, Optoelectronics and Electromagnetic Applications,7,8,http://scholar.google.com/citations?view_op=list_hcore&venue=11HFpUdgZGgJ.2015&hl=pt-BR
2179-8451,2015,TEMA (São Carlos),5,7,http://scholar.google.com/citations?view_op=list_hcore&venue=rArj6_IhP68J.2015&hl=pt-BR
0102-6712,2179-975x,2015,Acta Limnologica Brasiliensia,10,13,http://scholar.google.com/citations?view_op=list_hcore&venue=0QWSMJzTA00J.2015&hl=pt-BR
2236-8906,2015,Hoehnea,8,11,http://scholar.google.com/citations?view_op=list_hcore&venue=jCfkqOx4KLcJ.2015&hl=pt-BR
2236-9996,2015,Cadernos Metrópole,7,9,http://scholar.google.com/citations?view_op=list_hcore&venue=MxfnJr6x0MgJ.2015&hl=pt-BR
2237-101x,2015,Topoi (Rio de Janeiro),4,4,http://scholar.google.com/citations?view_op=list_hcore&venue=3H3gNpXDqpAJ.2015&hl=pt-BR
2237-6089,2015,Trends in Psychiatry and Psychotherapy,6,8,http://scholar.google.com/citations?view_op=list_hcore&venue=4bXmdAsvOw0J.2015&hl=pt-BR
1980-8585,2015,Revista Interdisciplinar da Mobilidade Humana,6,8,http://scholar.google.com/citations?view_op=list_hcore&venue=XRdyLnS09RQJ.2015&hl=pt-BR
2238-1031,2015,Journal of Transport Literature,10,17,http://scholar.google.com/citations?view_op=list_hcore&venue=KOZ5XjjZ0p4J.2015&hl=pt-BR
2316-4018,2015,Estudos de Literatura Brasileira Contemporânea,3,4,http://scholar.google.com/citations?view_op=list_hcore&venue=EW938zgWvicJ.2015&hl=pt-BR
0020-3874,2015,Revista do Instituto de Estudos Brasileiros,4,6,http://scholar.google.com/citations?view_op=list_hcore&venue=LiQK2cY3BwQJ.2015&hl=pt-BR
2317-1545,2015,Journal of Seed Science,6,8,http://scholar.google.com/citations?view_op=list_hcore&venue=igyMFz62rcIJ.2015&hl=pt-BR
2317-1782,2015,CoDAS,5,5,http://scholar.google.com/citations?view_op=list_hcore&venue=lER_XGymedcJ.2015&hl=pt-BR
2317-4889,2015,Brazilian Journal of Geology,8,9,http://scholar.google.com/citations?view_op=list_hcore&venue=CtCVPrZkjikJ.2015&hl=pt-BR
2317-6431,2015,Audiology-Communication Research,3,3,http://scholar.google.com/citations?view_op=list_hcore&venue=QzeTIRYLCP4J.2015&hl=pt-BR
